<?xml version="1.0" encoding="UTF-8"?>
<project-private xmlns="http://www.netbeans.org/ns/project-private/1">
    <editor-bookmarks xmlns="http://www.netbeans.org/ns/editor-bookmarks/1"/>
    <open-files xmlns="http://www.netbeans.org/ns/projectui-open-files/1">
        <file>file:/C:/xampp/htdocs/allwinjavascript/index.php</file>
        <file>file:/C:/xampp/htdocs/allwinjavascript/a.html</file>
        <file>file:/C:/xampp/htdocs/allwinjavascript/b.html</file>
        <file>file:/C:/xampp/htdocs/allwinjavascript/c.html</file>
        <file>file:/C:/xampp/htdocs/allwinjavascript/d.html</file>
        <file>file:/C:/xampp/htdocs/allwinjavascript/e.html</file>
        <file>file:/C:/xampp/htdocs/allwinjavascript/f.html</file>
        <file>file:/C:/xampp/htdocs/allwinjavascript/g.html</file>
        <file>file:/C:/xampp/htdocs/allwinjavascript/hari.js</file>
        <file>file:/C:/xampp/htdocs/allwinjavascript/h.html</file>
        <file>file:/C:/xampp/htdocs/allwinjavascript/i.html</file>
        <file>file:/C:/xampp/htdocs/allwinjavascript/j.html</file>
        <file>file:/C:/xampp/htdocs/allwinjavascript/k.html</file>
        <file>file:/C:/xampp/htdocs/allwinjavascript/l.html</file>
        <file>file:/C:/xampp/htdocs/allwinjavascript/m.html</file>
        <file>file:/C:/xampp/htdocs/allwinjavascript/n.html</file>
        <file>file:/C:/xampp/htdocs/allwinjavascript/o.html</file>
        <file>file:/C:/xampp/htdocs/allwinjavascript/p.html</file>
        <file>file:/C:/xampp/htdocs/allwinjavascript/q.html</file>
        <file>file:/C:/xampp/htdocs/allwinjavascript/r.html</file>
        <file>file:/C:/xampp/htdocs/allwinjavascript/s.html</file>
        <file>file:/C:/xampp/htdocs/allwinjavascript/t.html</file>
        <file>file:/C:/xampp/htdocs/allwinjavascript/u.html</file>
        <file>file:/C:/xampp/htdocs/allwinjavascript/v.html</file>
        <file>file:/C:/xampp/htdocs/allwinjavascript/w.html</file>
        <file>file:/C:/xampp/htdocs/allwinjavascript/x.html</file>
        <file>file:/C:/xampp/htdocs/allwinjavascript/y.html</file>
        <file>file:/C:/xampp/htdocs/allwinjavascript/z.html</file>
        <file>file:/C:/xampp/htdocs/allwinjavascript/z1.html</file>
        <file>file:/C:/xampp/htdocs/allwinjavascript/z2.html</file>
    </open-files>
</project-private>
