<?xml version="1.0" encoding="UTF-8"?>
<project-private xmlns="http://www.netbeans.org/ns/project-private/1">
    <editor-bookmarks xmlns="http://www.netbeans.org/ns/editor-bookmarks/1"/>
    <open-files xmlns="http://www.netbeans.org/ns/projectui-open-files/1">
        <file>file:/C:/xampp/htdocs/alwincss/index.php</file>
        <file>file:/C:/xampp/htdocs/alwincss/1.html</file>
        <file>file:/C:/xampp/htdocs/alwincss/2.html</file>
        <file>file:/C:/xampp/htdocs/alwincss/3.html</file>
        <file>file:/C:/xampp/htdocs/alwincss/1000.html</file>
        <file>file:/C:/xampp/htdocs/alwincss/kanha.css</file>
        <file>file:/C:/xampp/htdocs/alwincss/a.html</file>
        <file>file:/C:/xampp/htdocs/alwincss/b.html</file>
        <file>file:/C:/xampp/htdocs/alwincss/c.html</file>
        <file>file:/C:/xampp/htdocs/alwincss/d.html</file>
        <file>file:/C:/xampp/htdocs/alwincss/e.html</file>
    </open-files>
</project-private>
